<RSAKeyValue><Modulus>tM0EOA93Wi58EDj/QZYQolVeaCTnAffwTuEUEVSdGt8zzv8luugDoFeRZ7lhV4I8yekK8NaO/tdx3vgpFih5dYRoXPt8wVh4D/dnMtECNIlBafpTVM/ztdqXh++UuNGDGPJN+wFRKbnX/jsaVELIx2kRUERxSDl4gB8Yfr5dby0=</Modulus><Exponent>AQAB</Exponent><P>3Ae60rMq3xDgH285b7c+c3HvOK2ZnGkc2rOhp3KjYeWVvRL3O+60b+wZjWoc3do3EtMb3TUISkkMHQCpDQQ3Aw==</P><Q>0luJizz9CsIS0+4cNmA5zDv2+PgxK6ub34wpRDmW4ZN/g6nE+79Y6uzdII5dYJS2aA1FNAdEmqmQi11Yz8ASDw==</Q><DP>0GB5q+WGam7e8qYxLP3LpSV3uqOd4KUjcHPCWoSU+relEcUOY7HzLDPbFzQxVmG82pUXxGzfBwsa77SaZPti5Q==</DP><DQ>I7FEdUuz489qQmt0fgV1ySGjljsGnNJRcGzn05ux7jSIvl5f/hdJjxMBsjR1w514Fc+qnlldWqDK1drQ5u9AIQ==</DQ><InverseQ>VFWx0LyIM4i3dP12WnNz9t7ekjzB4Gvs+SFrgYmnKL2tStg+oIj6+P9i3y4SzjfjUNgOiTmjb/wUnx8j39EqtQ==</InverseQ><D>qmRdCYhp7y/H9HIC/oiy/IqAAp5kp9JHQ8+T3hFkTqL0bKzBnjhy0nY0rxBi0NoI+DENApTzBvF8e6pc7mkOrUCSZPR2QVOpgIMB2NJNj024HIbQJjnsyZnllllMj5jFj12ViRr3AhH1P+Sedp2LIHv+2i/kSskJtal7b54de3E=</D></RSAKeyValue>